model,variant,storage,color,country,simType,basePrice
X,R,64GB,Bl,"Китай 🇨🇳",1 SIM,13500
X,R,64GB,Bl,"Китай 🇨🇳",2 SIM,13500
X,R,64GB,Wh,"Китай 🇨🇳",1 SIM,13950
X,R,64GB,Wh,"Китай 🇨🇳",2 SIM,13950
X,R,256GB,Bl,"Китай 🇨🇳",1 SIM,18000
X,R,256GB,Bl,"Китай 🇨🇳",2 SIM,18000
X,R,256GB,Wh,"Китай 🇨🇳",1 SIM,18450
X,R,256GB,Wh,"Китай 🇨🇳",2 SIM,18450
X,R,64GB,Bl,"США 🇺🇸",1 SIM,13500
X,R,64GB,Bl,"США 🇺🇸",eSIM,13500
X,R,64GB,Wh,"США 🇺🇸",1 SIM,13950
X,R,64GB,Wh,"США 🇺🇸",eSIM,13950
X,R,256GB,Bl,"США 🇺🇸",1 SIM,18000
X,R,256GB,Bl,"США 🇺🇸",eSIM,18000
X,R,256GB,Wh,"США 🇺🇸",1 SIM,18450
X,R,256GB,Wh,"США 🇺🇸",eSIM,18450
X,R,64GB,Bl,"Европа 🇪🇺",1 SIM,13500
X,R,64GB,Bl,"Европа 🇪🇺",eSIM,13500
X,R,64GB,Wh,"Европа 🇪🇺",1 SIM,13950
X,R,64GB,Wh,"Европа 🇪🇺",eSIM,13950
X,R,256GB,Bl,"Европа 🇪🇺",1 SIM,18000
X,R,256GB,Bl,"Европа 🇪🇺",eSIM,18000
X,R,256GB,Wh,"Европа 🇪🇺",1 SIM,18450
X,R,256GB,Wh,"Европа 🇪🇺",eSIM,18450
X,R,64GB,Bl,"ОАЭ 🇦🇪",1 SIM,13500
X,R,64GB,Wh,"ОАЭ 🇦🇪",1 SIM,13950
X,R,256GB,Bl,"ОАЭ 🇦🇪",1 SIM,18000
X,R,256GB,Wh,"ОАЭ 🇦🇪",1 SIM,18450
X,S,64GB,Bl,"Китай 🇨🇳",1 SIM,15300
X,S,64GB,Bl,"Китай 🇨🇳",2 SIM,15300
X,S,64GB,Wh,"Китай 🇨🇳",1 SIM,15750
X,S,64GB,Wh,"Китай 🇨🇳",2 SIM,15750
X,S,256GB,Bl,"Китай 🇨🇳",1 SIM,19800
X,S,256GB,Bl,"Китай 🇨🇳",2 SIM,19800
X,S,256GB,Wh,"Китай 🇨🇳",1 SIM,20250
X,S,256GB,Wh,"Китай 🇨🇳",2 SIM,20250
X,S,64GB,Bl,"США 🇺🇸",1 SIM,15300
X,S,64GB,Bl,"США 🇺🇸",eSIM,15300
X,S,64GB,Wh,"США 🇺🇸",1 SIM,15750
X,S,64GB,Wh,"США 🇺🇸",eSIM,15750
X,S,256GB,Bl,"США 🇺🇸",1 SIM,19800
X,S,256GB,Bl,"США 🇺🇸",eSIM,19800
X,S,256GB,Wh,"США 🇺🇸",1 SIM,20250
X,S,256GB,Wh,"США 🇺🇸",eSIM,20250
X,S,64GB,Bl,"Европа 🇪🇺",1 SIM,15300
X,S,64GB,Bl,"Европа 🇪🇺",eSIM,15300
X,S,64GB,Wh,"Европа 🇪🇺",1 SIM,15750
X,S,64GB,Wh,"Европа 🇪🇺",eSIM,15750
X,S,256GB,Bl,"Европа 🇪🇺",1 SIM,19800
X,S,256GB,Bl,"Европа 🇪🇺",eSIM,19800
X,S,256GB,Wh,"Европа 🇪🇺",1 SIM,20250
X,S,256GB,Wh,"Европа 🇪🇺",eSIM,20250
X,S,64GB,Bl,"ОАЭ 🇦🇪",1 SIM,15300
X,S,64GB,Wh,"ОАЭ 🇦🇪",1 SIM,15750
X,S,256GB,Bl,"ОАЭ 🇦🇪",1 SIM,19800
X,S,256GB,Wh,"ОАЭ 🇦🇪",1 SIM,20250
X,S Max,64GB,Bl,"Китай 🇨🇳",1 SIM,18000
X,S Max,64GB,Bl,"Китай 🇨🇳",2 SIM,18000
X,S Max,64GB,Wh,"Китай 🇨🇳",1 SIM,18450
X,S Max,64GB,Wh,"Китай 🇨🇳",2 SIM,18450
X,S Max,256GB,Bl,"Китай 🇨🇳",1 SIM,22500
X,S Max,256GB,Bl,"Китай 🇨🇳",2 SIM,22500
X,S Max,256GB,Wh,"Китай 🇨🇳",1 SIM,22950
X,S Max,256GB,Wh,"Китай 🇨🇳",2 SIM,22950
X,S Max,64GB,Bl,"США 🇺🇸",1 SIM,18000
X,S Max,64GB,Bl,"США 🇺🇸",eSIM,18000
X,S Max,64GB,Wh,"США 🇺🇸",1 SIM,18450
X,S Max,64GB,Wh,"США 🇺🇸",eSIM,18450
X,S Max,256GB,Bl,"США 🇺🇸",1 SIM,22500
X,S Max,256GB,Bl,"США 🇺🇸",eSIM,22500
X,S Max,256GB,Wh,"США 🇺🇸",1 SIM,22950
X,S Max,256GB,Wh,"США 🇺🇸",eSIM,22950
X,S Max,64GB,Bl,"Европа 🇪🇺",1 SIM,18000
X,S Max,64GB,Bl,"Европа 🇪🇺",eSIM,18000
X,S Max,64GB,Wh,"Европа 🇪🇺",1 SIM,18450
X,S Max,64GB,Wh,"Европа 🇪🇺",eSIM,18450
X,S Max,256GB,Bl,"Европа 🇪🇺",1 SIM,22500
X,S Max,256GB,Bl,"Европа 🇪🇺",eSIM,22500
X,S Max,256GB,Wh,"Европа 🇪🇺",1 SIM,22950
X,S Max,256GB,Wh,"Европа 🇪🇺",eSIM,22950
X,S Max,64GB,Bl,"ОАЭ 🇦🇪",1 SIM,18000
X,S Max,64GB,Wh,"ОАЭ 🇦🇪",1 SIM,18450
X,S Max,256GB,Bl,"ОАЭ 🇦🇪",1 SIM,22500
X,S Max,256GB,Wh,"ОАЭ 🇦🇪",1 SIM,22950
11,Pro,64GB,Bl,"Китай 🇨🇳",1 SIM,45000
11,Pro,64GB,Bl,"Китай 🇨🇳",2 SIM,45000
11,Pro,64GB,Wh,"Китай 🇨🇳",1 SIM,45450
11,Pro,64GB,Wh,"Китай 🇨🇳",2 SIM,45450
11,Pro,64GB,G,"Китай 🇨🇳",1 SIM,45900
11,Pro,64GB,G,"Китай 🇨🇳",2 SIM,45900
11,Pro,128GB,Bl,"Китай 🇨🇳",1 SIM,49500
11,Pro,128GB,Bl,"Китай 🇨🇳",2 SIM,49500
11,Pro,128GB,Wh,"Китай 🇨🇳",1 SIM,49950
11,Pro,128GB,Wh,"Китай 🇨🇳",2 SIM,49950
11,Pro,128GB,G,"Китай 🇨🇳",1 SIM,50400
11,Pro,128GB,G,"Китай 🇨🇳",2 SIM,50400
11,Pro,256GB,Bl,"Китай 🇨🇳",1 SIM,54000
11,Pro,256GB,Bl,"Китай 🇨🇳",2 SIM,54000
11,Pro,256GB,Wh,"Китай 🇨🇳",1 SIM,54450
11,Pro,256GB,Wh,"Китай 🇨🇳",2 SIM,54450
11,Pro,256GB,G,"Китай 🇨🇳",1 SIM,54900
11,Pro,256GB,G,"Китай 🇨🇳",2 SIM,54900
11,Pro,64GB,Bl,"США 🇺🇸",1 SIM,45000
11,Pro,64GB,Bl,"США 🇺🇸",eSIM,45000
11,Pro,64GB,Wh,"США 🇺🇸",1 SIM,45450
11,Pro,64GB,Wh,"США 🇺🇸",eSIM,45450
11,Pro,64GB,G,"США 🇺🇸",1 SIM,45900
11,Pro,64GB,G,"США 🇺🇸",eSIM,45900
11,Pro,128GB,Bl,"США 🇺🇸",1 SIM,49500
11,Pro,128GB,Bl,"США 🇺🇸",eSIM,49500
11,Pro,128GB,Wh,"США 🇺🇸",1 SIM,49950
11,Pro,128GB,Wh,"США 🇺🇸",eSIM,49950
11,Pro,128GB,G,"США 🇺🇸",1 SIM,50400
11,Pro,128GB,G,"США 🇺🇸",eSIM,50400
11,Pro,256GB,Bl,"США 🇺🇸",1 SIM,54000
11,Pro,256GB,Bl,"США 🇺🇸",eSIM,54000
11,Pro,256GB,Wh,"США 🇺🇸",1 SIM,54450
11,Pro,256GB,Wh,"США 🇺🇸",eSIM,54450
11,Pro,256GB,G,"США 🇺🇸",1 SIM,54900
11,Pro,256GB,G,"США 🇺🇸",eSIM,54900
11,Pro,64GB,Bl,"Европа 🇪🇺",1 SIM,45000
11,Pro,64GB,Bl,"Европа 🇪🇺",eSIM,45000
11,Pro,64GB,Wh,"Европа 🇪🇺",1 SIM,45450
11,Pro,64GB,Wh,"Европа 🇪🇺",eSIM,45450
11,Pro,64GB,G,"Европа 🇪🇺",1 SIM,45900
11,Pro,64GB,G,"Европа 🇪🇺",eSIM,45900
11,Pro,128GB,Bl,"Европа 🇪🇺",1 SIM,49500
11,Pro,128GB,Bl,"Европа 🇪🇺",eSIM,49500
11,Pro,128GB,Wh,"Европа 🇪🇺",1 SIM,49950
11,Pro,128GB,Wh,"Европа 🇪🇺",eSIM,49950
11,Pro,128GB,G,"Европа 🇪🇺",1 SIM,50400
11,Pro,128GB,G,"Европа 🇪🇺",eSIM,50400
11,Pro,256GB,Bl,"Европа 🇪🇺",1 SIM,54000
11,Pro,256GB,Bl,"Европа 🇪🇺",eSIM,54000
11,Pro,256GB,Wh,"Европа 🇪🇺",1 SIM,54450
11,Pro,256GB,Wh,"Европа 🇪🇺",eSIM,54450
11,Pro,256GB,G,"Европа 🇪🇺",1 SIM,54900
11,Pro,256GB,G,"Европа 🇪🇺",eSIM,54900
11,Pro,64GB,Bl,"ОАЭ 🇦🇪",1 SIM,45000
11,Pro,64GB,Wh,"ОАЭ 🇦🇪",1 SIM,45450
11,Pro,64GB,G,"ОАЭ 🇦🇪",1 SIM,45900
11,Pro,128GB,Bl,"ОАЭ 🇦🇪",1 SIM,49500
11,Pro,128GB,Wh,"ОАЭ 🇦🇪",1 SIM,49950
11,Pro,128GB,G,"ОАЭ 🇦🇪",1 SIM,50400
11,Pro,256GB,Bl,"ОАЭ 🇦🇪",1 SIM,54000
11,Pro,256GB,Wh,"ОАЭ 🇦🇪",1 SIM,54450
11,Pro,256GB,G,"ОАЭ 🇦🇪",1 SIM,54900
11,Pro Max,64GB,Bl,"Китай 🇨🇳",1 SIM,54000
11,Pro Max,64GB,Bl,"Китай 🇨🇳",2 SIM,54000
11,Pro Max,64GB,Wh,"Китай 🇨🇳",1 SIM,54450
11,Pro Max,64GB,Wh,"Китай 🇨🇳",2 SIM,54450
11,Pro Max,64GB,G,"Китай 🇨🇳",1 SIM,54900
11,Pro Max,64GB,G,"Китай 🇨🇳",2 SIM,54900
11,Pro Max,128GB,Bl,"Китай 🇨🇳",1 SIM,58500
11,Pro Max,128GB,Bl,"Китай 🇨🇳",2 SIM,58500
11,Pro Max,128GB,Wh,"Китай 🇨🇳",1 SIM,58950
11,Pro Max,128GB,Wh,"Китай 🇨🇳",2 SIM,58950
11,Pro Max,128GB,G,"Китай 🇨🇳",1 SIM,59400
11,Pro Max,128GB,G,"Китай 🇨🇳",2 SIM,59400
11,Pro Max,256GB,Bl,"Китай 🇨🇳",1 SIM,63000
11,Pro Max,256GB,Bl,"Китай 🇨🇳",2 SIM,63000
11,Pro Max,256GB,Wh,"Китай 🇨🇳",1 SIM,63450
11,Pro Max,256GB,Wh,"Китай 🇨🇳",2 SIM,63450
11,Pro Max,256GB,G,"Китай 🇨🇳",1 SIM,63900
11,Pro Max,256GB,G,"Китай 🇨🇳",2 SIM,63900
11,Pro Max,64GB,Bl,"США 🇺🇸",1 SIM,54000
11,Pro Max,64GB,Bl,"США 🇺🇸",eSIM,54000
11,Pro Max,64GB,Wh,"США 🇺🇸",1 SIM,54450
11,Pro Max,64GB,Wh,"США 🇺🇸",eSIM,54450
11,Pro Max,64GB,G,"США 🇺🇸",1 SIM,54900
11,Pro Max,64GB,G,"США 🇺🇸",eSIM,54900
11,Pro Max,128GB,Bl,"США 🇺🇸",1 SIM,58500
11,Pro Max,128GB,Bl,"США 🇺🇸",eSIM,58500
11,Pro Max,128GB,Wh,"США 🇺🇸",1 SIM,58950
11,Pro Max,128GB,Wh,"США 🇺🇸",eSIM,58950
11,Pro Max,128GB,G,"США 🇺🇸",1 SIM,59400
11,Pro Max,128GB,G,"США 🇺🇸",eSIM,59400
11,Pro Max,256GB,Bl,"США 🇺🇸",1 SIM,63000
11,Pro Max,256GB,Bl,"США 🇺🇸",eSIM,63000
11,Pro Max,256GB,Wh,"США 🇺🇸",1 SIM,63450
11,Pro Max,256GB,Wh,"США 🇺🇸",eSIM,63450
11,Pro Max,256GB,G,"США 🇺🇸",1 SIM,63900
11,Pro Max,256GB,G,"США 🇺🇸",eSIM,63900
11,Pro Max,64GB,Bl,"Европа 🇪🇺",1 SIM,54000
11,Pro Max,64GB,Bl,"Европа 🇪🇺",eSIM,54000
11,Pro Max,64GB,Wh,"Европа 🇪🇺",1 SIM,54450
11,Pro Max,64GB,Wh,"Европа 🇪🇺",eSIM,54450
11,Pro Max,64GB,G,"Европа 🇪🇺",1 SIM,54900
11,Pro Max,64GB,G,"Европа 🇪🇺",eSIM,54900
11,Pro Max,128GB,Bl,"Европа 🇪🇺",1 SIM,58500
11,Pro Max,128GB,Bl,"Европа 🇪🇺",eSIM,58500
11,Pro Max,128GB,Wh,"Европа 🇪🇺",1 SIM,58950
11,Pro Max,128GB,Wh,"Европа 🇪🇺",eSIM,58950
11,Pro Max,128GB,G,"Европа 🇪🇺",1 SIM,59400
11,Pro Max,128GB,G,"Европа 🇪🇺",eSIM,59400
11,Pro Max,256GB,Bl,"Европа 🇪🇺",1 SIM,63000
11,Pro Max,256GB,Bl,"Европа 🇪🇺",eSIM,63000
11,Pro Max,256GB,Wh,"Европа 🇪🇺",1 SIM,63450
11,Pro Max,256GB,Wh,"Европа 🇪🇺",eSIM,63450
11,Pro Max,256GB,G,"Европа 🇪🇺",1 SIM,63900
11,Pro Max,256GB,G,"Европа 🇪🇺",eSIM,63900
11,Pro Max,64GB,Bl,"ОАЭ 🇦🇪",1 SIM,54000
11,Pro Max,64GB,Wh,"ОАЭ 🇦🇪",1 SIM,54450
11,Pro Max,64GB,G,"ОАЭ 🇦🇪",1 SIM,54900
11,Pro Max,128GB,Bl,"ОАЭ 🇦🇪",1 SIM,58500
11,Pro Max,128GB,Wh,"ОАЭ 🇦🇪",1 SIM,58950
11,Pro Max,128GB,G,"ОАЭ 🇦🇪",1 SIM,59400
11,Pro Max,256GB,Bl,"ОАЭ 🇦🇪",1 SIM,63000
11,Pro Max,256GB,Wh,"ОАЭ 🇦🇪",1 SIM,63450
11,Pro Max,256GB,G,"ОАЭ 🇦🇪",1 SIM,63900
12,Pro,128GB,Bl,"Китай 🇨🇳",1 SIM,67500
12,Pro,128GB,Bl,"Китай 🇨🇳",2 SIM,67500
12,Pro,128GB,Wh,"Китай 🇨🇳",1 SIM,67950
12,Pro,128GB,Wh,"Китай 🇨🇳",2 SIM,67950
12,Pro,128GB,G,"Китай 🇨🇳",1 SIM,68400
12,Pro,128GB,G,"Китай 🇨🇳",2 SIM,68400
12,Pro,256GB,Bl,"Китай 🇨🇳",1 SIM,72000
12,Pro,256GB,Bl,"Китай 🇨🇳",2 SIM,72000
12,Pro,256GB,Wh,"Китай 🇨🇳",1 SIM,72450
12,Pro,256GB,Wh,"Китай 🇨🇳",2 SIM,72450
12,Pro,256GB,G,"Китай 🇨🇳",1 SIM,72900
12,Pro,256GB,G,"Китай 🇨🇳",2 SIM,72900
12,Pro,128GB,Bl,"США 🇺🇸",1 SIM,67500
12,Pro,128GB,Bl,"США 🇺🇸",eSIM,67500
12,Pro,128GB,Wh,"США 🇺🇸",1 SIM,67950
12,Pro,128GB,Wh,"США 🇺🇸",eSIM,67950
12,Pro,128GB,G,"США 🇺🇸",1 SIM,68400
12,Pro,128GB,G,"США 🇺🇸",eSIM,68400
12,Pro,256GB,Bl,"США 🇺🇸",1 SIM,72000
12,Pro,256GB,Bl,"США 🇺🇸",eSIM,72000
12,Pro,256GB,Wh,"США 🇺🇸",1 SIM,72450
12,Pro,256GB,Wh,"США 🇺🇸",eSIM,72450
12,Pro,256GB,G,"США 🇺🇸",1 SIM,72900
12,Pro,256GB,G,"США 🇺🇸",eSIM,72900
12,Pro,128GB,Bl,"Европа 🇪🇺",1 SIM,67500
12,Pro,128GB,Bl,"Европа 🇪🇺",eSIM,67500
12,Pro,128GB,Wh,"Европа 🇪🇺",1 SIM,67950
12,Pro,128GB,Wh,"Европа 🇪🇺",eSIM,67950
12,Pro,128GB,G,"Европа 🇪🇺",1 SIM,68400
12,Pro,128GB,G,"Европа 🇪🇺",eSIM,68400
12,Pro,256GB,Bl,"Европа 🇪🇺",1 SIM,72000
12,Pro,256GB,Bl,"Европа 🇪🇺",eSIM,72000
12,Pro,256GB,Wh,"Европа 🇪🇺",1 SIM,72450
12,Pro,256GB,Wh,"Европа 🇪🇺",eSIM,72450
12,Pro,256GB,G,"Европа 🇪🇺",1 SIM,72900
12,Pro,256GB,G,"Европа 🇪🇺",eSIM,72900
12,Pro,128GB,Bl,"ОАЭ 🇦🇪",1 SIM,67500
12,Pro,128GB,Wh,"ОАЭ 🇦🇪",1 SIM,67950
12,Pro,128GB,G,"ОАЭ 🇦🇪",1 SIM,68400
12,Pro,256GB,Bl,"ОАЭ 🇦🇪",1 SIM,72000
12,Pro,256GB,Wh,"ОАЭ 🇦🇪",1 SIM,72450
12,Pro,256GB,G,"ОАЭ 🇦🇪",1 SIM,72900
12,Pro Max,128GB,Bl,"Китай 🇨🇳",1 SIM,76500
12,Pro Max,128GB,Bl,"Китай 🇨🇳",2 SIM,76500
12,Pro Max,128GB,Wh,"Китай 🇨🇳",1 SIM,76950
12,Pro Max,128GB,Wh,"Китай 🇨🇳",2 SIM,76950
12,Pro Max,128GB,G,"Китай 🇨🇳",1 SIM,77400
12,Pro Max,128GB,G,"Китай 🇨🇳",2 SIM,77400
12,Pro Max,256GB,Bl,"Китай 🇨🇳",1 SIM,81000
12,Pro Max,256GB,Bl,"Китай 🇨🇳",2 SIM,81000
12,Pro Max,256GB,Wh,"Китай 🇨🇳",1 SIM,81450
12,Pro Max,256GB,Wh,"Китай 🇨🇳",2 SIM,81450
12,Pro Max,256GB,G,"Китай 🇨🇳",1 SIM,81900
12,Pro Max,256GB,G,"Китай 🇨🇳",2 SIM,81900
12,Pro Max,128GB,Bl,"США 🇺🇸",1 SIM,76500
12,Pro Max,128GB,Bl,"США 🇺🇸",eSIM,76500
12,Pro Max,128GB,Wh,"США 🇺🇸",1 SIM,76950
12,Pro Max,128GB,Wh,"США 🇺🇸",eSIM,76950
12,Pro Max,128GB,G,"США 🇺🇸",1 SIM,77400
12,Pro Max,128GB,G,"США 🇺🇸",eSIM,77400
12,Pro Max,256GB,Bl,"США 🇺🇸",1 SIM,81000
12,Pro Max,256GB,Bl,"США 🇺🇸",eSIM,81000
12,Pro Max,256GB,Wh,"США 🇺🇸",1 SIM,81450
12,Pro Max,256GB,Wh,"США 🇺🇸",eSIM,81450
12,Pro Max,256GB,G,"США 🇺🇸",1 SIM,81900
12,Pro Max,256GB,G,"США 🇺🇸",eSIM,81900
12,Pro Max,128GB,Bl,"Европа 🇪🇺",1 SIM,76500
12,Pro Max,128GB,Bl,"Европа 🇪🇺",eSIM,76500
12,Pro Max,128GB,Wh,"Европа 🇪🇺",1 SIM,76950
12,Pro Max,128GB,Wh,"Европа 🇪🇺",eSIM,76950
12,Pro Max,128GB,G,"Европа 🇪🇺",1 SIM,77400
12,Pro Max,128GB,G,"Европа 🇪🇺",eSIM,77400
12,Pro Max,256GB,Bl,"Европа 🇪🇺",1 SIM,81000
12,Pro Max,256GB,Bl,"Европа 🇪🇺",eSIM,81000
12,Pro Max,256GB,Wh,"Европа 🇪🇺",1 SIM,81450
12,Pro Max,256GB,Wh,"Европа 🇪🇺",eSIM,81450
12,Pro Max,256GB,G,"Европа 🇪🇺",1 SIM,81900
12,Pro Max,256GB,G,"Европа 🇪🇺",eSIM,81900
12,Pro Max,128GB,Bl,"ОАЭ 🇦🇪",1 SIM,76500
12,Pro Max,128GB,Wh,"ОАЭ 🇦🇪",1 SIM,76950
12,Pro Max,128GB,G,"ОАЭ 🇦🇪",1 SIM,77400
12,Pro Max,256GB,Bl,"ОАЭ 🇦🇪",1 SIM,81000
12,Pro Max,256GB,Wh,"ОАЭ 🇦🇪",1 SIM,81450
12,Pro Max,256GB,G,"ОАЭ 🇦🇪",1 SIM,81900
12,Mini,64GB,Bl,"Китай 🇨🇳",1 SIM,40500
12,Mini,64GB,Bl,"Китай 🇨🇳",2 SIM,40500
12,Mini,64GB,Wh,"Китай 🇨🇳",1 SIM,40950
12,Mini,64GB,Wh,"Китай 🇨🇳",2 SIM,40950
12,Mini,64GB,R,"Китай 🇨🇳",1 SIM,41400
12,Mini,64GB,R,"Китай 🇨🇳",2 SIM,41400
12,Mini,128GB,Bl,"Китай 🇨🇳",1 SIM,45000
12,Mini,128GB,Bl,"Китай 🇨🇳",2 SIM,45000
12,Mini,128GB,Wh,"Китай 🇨🇳",1 SIM,45450
12,Mini,128GB,Wh,"Китай 🇨🇳",2 SIM,45450
12,Mini,128GB,R,"Китай 🇨🇳",1 SIM,45900
12,Mini,128GB,R,"Китай 🇨🇳",2 SIM,45900
12,Mini,256GB,Bl,"Китай 🇨🇳",1 SIM,49500
12,Mini,256GB,Bl,"Китай 🇨🇳",2 SIM,49500
12,Mini,256GB,Wh,"Китай 🇨🇳",1 SIM,49950
12,Mini,256GB,Wh,"Китай 🇨🇳",2 SIM,49950
12,Mini,256GB,R,"Китай 🇨🇳",1 SIM,50400
12,Mini,256GB,R,"Китай 🇨🇳",2 SIM,50400
12,Mini,64GB,Bl,"США 🇺🇸",1 SIM,40500
12,Mini,64GB,Bl,"США 🇺🇸",eSIM,40500
12,Mini,64GB,Wh,"США 🇺🇸",1 SIM,40950
12,Mini,64GB,Wh,"США 🇺🇸",eSIM,40950
12,Mini,64GB,R,"США 🇺🇸",1 SIM,41400
12,Mini,64GB,R,"США 🇺🇸",eSIM,41400
12,Mini,128GB,Bl,"США 🇺🇸",1 SIM,45000
12,Mini,128GB,Bl,"США 🇺🇸",eSIM,45000
12,Mini,128GB,Wh,"США 🇺🇸",1 SIM,45450
12,Mini,128GB,Wh,"США 🇺🇸",eSIM,45450
12,Mini,128GB,R,"США 🇺🇸",1 SIM,45900
12,Mini,128GB,R,"США 🇺🇸",eSIM,45900
12,Mini,256GB,Bl,"США 🇺🇸",1 SIM,49500
12,Mini,256GB,Bl,"США 🇺🇸",eSIM,49500
12,Mini,256GB,Wh,"США 🇺🇸",1 SIM,49950
12,Mini,256GB,Wh,"США 🇺🇸",eSIM,49950
12,Mini,256GB,R,"США 🇺🇸",1 SIM,50400
12,Mini,256GB,R,"США 🇺🇸",eSIM,50400
12,Mini,64GB,Bl,"Европа 🇪🇺",1 SIM,40500
12,Mini,64GB,Bl,"Европа 🇪🇺",eSIM,40500
12,Mini,64GB,Wh,"Европа 🇪🇺",1 SIM,40950
12,Mini,64GB,Wh,"Европа 🇪🇺",eSIM,40950
12,Mini,64GB,R,"Европа 🇪🇺",1 SIM,41400
12,Mini,64GB,R,"Европа 🇪🇺",eSIM,41400
12,Mini,128GB,Bl,"Европа 🇪🇺",1 SIM,45000
12,Mini,128GB,Bl,"Европа 🇪🇺",eSIM,45000
12,Mini,128GB,Wh,"Европа 🇪🇺",1 SIM,45450
12,Mini,128GB,Wh,"Европа 🇪🇺",eSIM,45450
12,Mini,128GB,R,"Европа 🇪🇺",1 SIM,45900
12,Mini,128GB,R,"Европа 🇪🇺",eSIM,45900
12,Mini,256GB,Bl,"Европа 🇪🇺",1 SIM,49500
12,Mini,256GB,Bl,"Европа 🇪🇺",eSIM,49500
12,Mini,256GB,Wh,"Европа 🇪🇺",1 SIM,49950
12,Mini,256GB,Wh,"Европа 🇪🇺",eSIM,49950
12,Mini,256GB,R,"Европа 🇪🇺",1 SIM,50400
12,Mini,256GB,R,"Европа 🇪🇺",eSIM,50400
12,Mini,64GB,Bl,"ОАЭ 🇦🇪",1 SIM,40500
12,Mini,64GB,Wh,"ОАЭ 🇦🇪",1 SIM,40950
12,Mini,64GB,R,"ОАЭ 🇦🇪",1 SIM,41400
12,Mini,128GB,Bl,"ОАЭ 🇦🇪",1 SIM,45000
12,Mini,128GB,Wh,"ОАЭ 🇦🇪",1 SIM,45450
12,Mini,128GB,R,"ОАЭ 🇦🇪",1 SIM,45900
12,Mini,256GB,Bl,"ОАЭ 🇦🇪",1 SIM,49500
12,Mini,256GB,Wh,"ОАЭ 🇦🇪",1 SIM,49950
12,Mini,256GB,R,"ОАЭ 🇦🇪",1 SIM,50400
13,Pro,128GB,Bl,"Китай 🇨🇳",1 SIM,76500
13,Pro,128GB,Bl,"Китай 🇨🇳",2 SIM,76500
13,Pro,128GB,Wh,"Китай 🇨🇳",1 SIM,76950
13,Pro,128GB,Wh,"Китай 🇨🇳",2 SIM,76950
13,Pro,128GB,G,"Китай 🇨🇳",1 SIM,77400
13,Pro,128GB,G,"Китай 🇨🇳",2 SIM,77400
13,Pro,256GB,Bl,"Китай 🇨🇳",1 SIM,81000
13,Pro,256GB,Bl,"Китай 🇨🇳",2 SIM,81000
13,Pro,256GB,Wh,"Китай 🇨🇳",1 SIM,81450
13,Pro,256GB,Wh,"Китай 🇨🇳",2 SIM,81450
13,Pro,256GB,G,"Китай 🇨🇳",1 SIM,81900
13,Pro,256GB,G,"Китай 🇨🇳",2 SIM,81900
13,Pro,128GB,Bl,"США 🇺🇸",1 SIM,76500
13,Pro,128GB,Bl,"США 🇺🇸",eSIM,76500
13,Pro,128GB,Wh,"США 🇺🇸",1 SIM,76950
13,Pro,128GB,Wh,"США 🇺🇸",eSIM,76950
13,Pro,128GB,G,"США 🇺🇸",1 SIM,77400
13,Pro,128GB,G,"США 🇺🇸",eSIM,77400
13,Pro,256GB,Bl,"США 🇺🇸",1 SIM,81000
13,Pro,256GB,Bl,"США 🇺🇸",eSIM,81000
13,Pro,256GB,Wh,"США 🇺🇸",1 SIM,81450
13,Pro,256GB,Wh,"США 🇺🇸",eSIM,81450
13,Pro,256GB,G,"США 🇺🇸",1 SIM,81900
13,Pro,256GB,G,"США 🇺🇸",eSIM,81900
13,Pro,128GB,Bl,"Европа 🇪🇺",1 SIM,76500
13,Pro,128GB,Bl,"Европа 🇪🇺",eSIM,76500
13,Pro,128GB,Wh,"Европа 🇪🇺",1 SIM,76950
13,Pro,128GB,Wh,"Европа 🇪🇺",eSIM,76950
13,Pro,128GB,G,"Европа 🇪🇺",1 SIM,77400
13,Pro,128GB,G,"Европа 🇪🇺",eSIM,77400
13,Pro,256GB,Bl,"Европа 🇪🇺",1 SIM,81000
13,Pro,256GB,Bl,"Европа 🇪🇺",eSIM,81000
13,Pro,256GB,Wh,"Европа 🇪🇺",1 SIM,81450
13,Pro,256GB,Wh,"Европа 🇪🇺",eSIM,81450
13,Pro,256GB,G,"Европа 🇪🇺",1 SIM,81900
13,Pro,256GB,G,"Европа 🇪🇺",eSIM,81900
13,Pro,128GB,Bl,"ОАЭ 🇦🇪",1 SIM,76500
13,Pro,128GB,Wh,"ОАЭ 🇦🇪",1 SIM,76950
13,Pro,128GB,G,"ОАЭ 🇦🇪",1 SIM,77400
13,Pro,256GB,Bl,"ОАЭ 🇦🇪",1 SIM,81000
13,Pro,256GB,Wh,"ОАЭ 🇦🇪",1 SIM,81450
13,Pro,256GB,G,"ОАЭ 🇦🇪",1 SIM,81900
13,Pro Max,128GB,Bl,"Китай 🇨🇳",1 SIM,85500
13,Pro Max,128GB,Bl,"Китай 🇨🇳",2 SIM,85500
13,Pro Max,128GB,Wh,"Китай 🇨🇳",1 SIM,85950
13,Pro Max,128GB,Wh,"Китай 🇨🇳",2 SIM,85950
13,Pro Max,128GB,G,"Китай 🇨🇳",1 SIM,86400
13,Pro Max,128GB,G,"Китай 🇨🇳",2 SIM,86400
13,Pro Max,256GB,Bl,"Китай 🇨🇳",1 SIM,90000
13,Pro Max,256GB,Bl,"Китай 🇨🇳",2 SIM,90000
13,Pro Max,256GB,Wh,"Китай 🇨🇳",1 SIM,90450
13,Pro Max,256GB,Wh,"Китай 🇨🇳",2 SIM,90450
13,Pro Max,256GB,G,"Китай 🇨🇳",1 SIM,90900
13,Pro Max,256GB,G,"Китай 🇨🇳",2 SIM,90900
13,Pro Max,128GB,Bl,"США 🇺🇸",1 SIM,85500
13,Pro Max,128GB,Bl,"США 🇺🇸",eSIM,85500
13,Pro Max,128GB,Wh,"США 🇺🇸",1 SIM,85950
13,Pro Max,128GB,Wh,"США 🇺🇸",eSIM,85950
13,Pro Max,128GB,G,"США 🇺🇸",1 SIM,86400
13,Pro Max,128GB,G,"США 🇺🇸",eSIM,86400
13,Pro Max,256GB,Bl,"США 🇺🇸",1 SIM,90000
13,Pro Max,256GB,Bl,"США 🇺🇸",eSIM,90000
13,Pro Max,256GB,Wh,"США 🇺🇸",1 SIM,90450
13,Pro Max,256GB,Wh,"США 🇺🇸",eSIM,90450
13,Pro Max,256GB,G,"США 🇺🇸",1 SIM,90900
13,Pro Max,256GB,G,"США 🇺🇸",eSIM,90900
13,Pro Max,128GB,Bl,"Европа 🇪🇺",1 SIM,85500
13,Pro Max,128GB,Bl,"Европа 🇪🇺",eSIM,85500
13,Pro Max,128GB,Wh,"Европа 🇪🇺",1 SIM,85950
13,Pro Max,128GB,Wh,"Европа 🇪🇺",eSIM,85950
13,Pro Max,128GB,G,"Европа 🇪🇺",1 SIM,86400
13,Pro Max,128GB,G,"Европа 🇪🇺",eSIM,86400
13,Pro Max,256GB,Bl,"Европа 🇪🇺",1 SIM,90000
13,Pro Max,256GB,Bl,"Европа 🇪🇺",eSIM,90000
13,Pro Max,256GB,Wh,"Европа 🇨🇳",1 SIM,90450
13,Pro Max,256GB,Wh,"Европа 🇪🇺",eSIM,90450
13,Pro Max,256GB,G,"Европа 🇪🇺",1 SIM,90900
13,Pro Max,256GB,G,"Европа 🇪🇺",eSIM,90900
13,Pro Max,128GB,Bl,"ОАЭ 🇦🇪",1 SIM,85500
13,Pro Max,128GB,Wh,"ОАЭ 🇦🇪",1 SIM,85950
13,Pro Max,128GB,G,"ОАЭ 🇦🇪",1 SIM,86400
13,Pro Max,256GB,Bl,"ОАЭ 🇦🇪",1 SIM,90000
13,Pro Max,256GB,Wh,"ОАЭ 🇦🇪",1 SIM,90450
13,Pro Max,256GB,G,"ОАЭ 🇦🇪",1 SIM,90900
13,Mini,128GB,Bl,"Китай 🇨🇳",1 SIM,49500
13,Mini,128GB,Bl,"Китай 🇨🇳",2 SIM,49500
13,Mini,128GB,Wh,"Китай 🇨🇳",1 SIM,49950
13,Mini,128GB,Wh,"Китай 🇨🇳",2 SIM,49950
13,Mini,128GB,R,"Китай 🇨🇳",1 SIM,50400
13,Mini,128GB,R,"Китай 🇨🇳",2 SIM,50400
13,Mini,256GB,Bl,"Китай 🇨🇳",1 SIM,54000
13,Mini,256GB,Bl,"Китай 🇨🇳",2 SIM,54000
13,Mini,256GB,Wh,"Китай 🇨🇳",1 SIM,54450
13,Mini,256GB,Wh,"Китай 🇨🇳",2 SIM,54450
13,Mini,256GB,R,"Китай 🇨🇳",1 SIM,54900
13,Mini,256GB,R,"Китай 🇨🇳",2 SIM,54900
13,Mini,128GB,Bl,"США 🇺🇸",1 SIM,49500
13,Mini,128GB,Bl,"США 🇺🇸",eSIM,49500
13,Mini,128GB,Wh,"США 🇺🇸",1 SIM,49950
13,Mini,128GB,Wh,"США 🇺🇸",eSIM,49950
13,Mini,128GB,R,"США 🇺🇸",1 SIM,50400
13,Mini,128GB,R,"США 🇺🇸",eSIM,50400
13,Mini,256GB,Bl,"США 🇺🇸",1 SIM,54000
13,Mini,256GB,Bl,"США 🇺🇸",eSIM,54000
13,Mini,256GB,Wh,"США 🇺🇸",1 SIM,54450
13,Mini,256GB,Wh,"США 🇺🇸",eSIM,54450
13,Mini,256GB,R,"США 🇺🇸",1 SIM,54900
13,Mini,256GB,R,"США 🇺🇸",eSIM,54900
13,Mini,128GB,Bl,"Европа 🇪🇺",1 SIM,49500
13,Mini,128GB,Bl,"Европа 🇪🇺",eSIM,49500
13,Mini,128GB,Wh,"Европа 🇪🇺",1 SIM,49950
13,Mini,128GB,Wh,"Европа 🇪🇺",eSIM,49950
13,Mini,128GB,R,"Европа 🇪🇺",1 SIM,50400
13,Mini,128GB,R,"Европа 🇪🇺",eSIM,50400
13,Mini,256GB,Bl,"Европа 🇪🇺",1 SIM,54000
13,Mini,256GB,Bl,"Европа 🇪🇺",eSIM,54000
13,Mini,256GB,Wh,"Европа 🇪🇺",1 SIM,54450
13,Mini,256GB,Wh,"Европа 🇪🇺",eSIM,54450
13,Mini,256GB,R,"Европа 🇪🇺",1 SIM,54900
13,Mini,256GB,R,"Европа 🇪🇺",eSIM,54900
13,Mini,128GB,Bl,"ОАЭ 🇦🇪",1 SIM,49500
13,Mini,128GB,Wh,"ОАЭ 🇦🇪",1 SIM,49950
13,Mini,128GB,R,"ОАЭ 🇦🇪",1 SIM,50400
13,Mini,256GB,Bl,"ОАЭ 🇦🇪",1 SIM,54000
13,Mini,256GB,Wh,"ОАЭ 🇦🇪",1 SIM,54450
13,Mini,256GB,R,"ОАЭ 🇦🇪",1 SIM,54900
14,Plus,128GB,Bl,"Китай 🇨🇳",1 SIM,72000
14,Plus,128GB,Bl,"Китай 🇨🇳",2 SIM,72000
14,Plus,128GB,Wh,"Китай 🇨🇳",1 SIM,72450
14,Plus,128GB,Wh,"Китай 🇨🇳",2 SIM,72450
14,Plus,128GB,R,"Китай 🇨🇳",1 SIM,72900
14,Plus,128GB,R,"Китай 🇨🇳",2 SIM,72900
14,Plus,256GB,Bl,"Китай 🇨🇳",1 SIM,76500
14,Plus,256GB,Bl,"Китай 🇨🇳",2 SIM,76500
14,Plus,256GB,Wh,"Китай 🇨🇳",1 SIM,76950
14,Plus,256GB,Wh,"Китай 🇨🇳",2 SIM,76950
14,Plus,256GB,R,"Китай 🇨🇳",1 SIM,77400
14,Plus,256GB,R,"Китай 🇨🇳",2 SIM,77400
14,Plus,128GB,Bl,"США 🇺🇸",1 SIM,72000
14,Plus,128GB,Bl,"США 🇺🇸",eSIM,72000
14,Plus,128GB,Wh,"США 🇺🇸",1 SIM,72450
14,Plus,128GB,Wh,"США 🇺🇸",eSIM,72450
14,Plus,128GB,R,"США 🇺🇸",1 SIM,72900
14,Plus,128GB,R,"США 🇺🇸",eSIM,72900
14,Plus,256GB,Bl,"США 🇺🇸",1 SIM,76500
14,Plus,256GB,Bl,"США 🇺🇸",eSIM,76500
14,Plus,256GB,Wh,"США 🇺🇸",1 SIM,76950
14,Plus,256GB,Wh,"США 🇺🇸",eSIM,76950
14,Plus,256GB,R,"США 🇺🇸",1 SIM,77400
14,Plus,256GB,R,"США 🇺🇸",eSIM,77400
14,Plus,128GB,Bl,"Европа 🇪🇺",1 SIM,72000
14,Plus,128GB,Bl,"Европа 🇪🇺",eSIM,72000
14,Plus,128GB,Wh,"Европа 🇪🇺",1 SIM,72450
14,Plus,128GB,Wh,"Европа 🇪🇺",eSIM,72450
14,Plus,128GB,R,"Европа 🇪🇺",1 SIM,72900
14,Plus,128GB,R,"Европа 🇪🇺",eSIM,72900
14,Plus,256GB,Bl,"Европа 🇪🇺",1 SIM,76500
14,Plus,256GB,Bl,"Европа 🇪🇺",eSIM,76500
14,Plus,256GB,Wh,"Европа 🇪🇺",1 SIM,76950
14,Plus,256GB,Wh,"Европа 🇪🇺",eSIM,76950
14,Plus,256GB,R,"Европа 🇪🇺",1 SIM,77400
14,Plus,256GB,R,"Европа 🇪🇺",eSIM,77400
14,Plus,128GB,Bl,"ОАЭ 🇦🇪",1 SIM,72000
14,Plus,128GB,Wh,"ОАЭ 🇦🇪",1 SIM,72450
14,Plus,128GB,R,"ОАЭ 🇦🇪",1 SIM,72900
14,Plus,256GB,Bl,"ОАЭ 🇦🇪",1 SIM,76500
14,Plus,256GB,Wh,"ОАЭ 🇦🇪",1 SIM,76950
14,Plus,256GB,R,"ОАЭ 🇦🇪",1 SIM,77400
14,Pro,128GB,Bl,"Китай 🇨🇳",1 SIM,85500
14,Pro,128GB,Bl,"Китай 🇨🇳",2 SIM,85500
14,Pro,128GB,Wh,"Китай 🇨🇳",1 SIM,85950
14,Pro,128GB,Wh,"Китай 🇨🇳",2 SIM,85950
14,Pro,128GB,G,"Китай 🇨🇳",1 SIM,86400
14,Pro,128GB,G,"Китай 🇨🇳",2 SIM,86400
14,Pro,256GB,Bl,"Китай 🇨🇳",1 SIM,90000
14,Pro,256GB,Bl,"Китай 🇨🇳",2 SIM,90000
14,Pro,256GB,Wh,"Китай 🇨🇳",1 SIM,90450
14,Pro,256GB,Wh,"Китай 🇨🇳",2 SIM,90450
14,Pro,256GB,G,"Китай 🇨🇳",1 SIM,90900
14,Pro,256GB,G,"Китай 🇨🇳",2 SIM,90900
14,Pro,128GB,Bl,"США 🇺🇸",1 SIM,85500
14,Pro,128GB,Bl,"США 🇺🇸",eSIM,85500
14,Pro,128GB,Wh,"США 🇺🇸",1 SIM,85950
14,Pro,128GB,Wh,"США 🇺🇸",eSIM,85950
14,Pro,128GB,G,"США 🇺🇸",1 SIM,86400
14,Pro,128GB,G,"США 🇺🇸",eSIM,86400
14,Pro,256GB,Bl,"США 🇺🇸",1 SIM,90000
14,Pro,256GB,Bl,"США 🇺🇸",eSIM,90000
14,Pro,256GB,Wh,"США 🇺🇸",1 SIM,90450
14,Pro,256GB,Wh,"США 🇺🇸",eSIM,90450
14,Pro,256GB,G,"США 🇺🇸",1 SIM,90900
14,Pro,256GB,G,"США 🇺🇸",eSIM,90900
14,Pro,128GB,Bl,"Европа 🇪🇺",1 SIM,85500
14,Pro,128GB,Bl,"Европа 🇪🇺",eSIM,85500
14,Pro,128GB,Wh,"Европа 🇪🇺",1 SIM,85950
14,Pro,128GB,Wh,"Европа 🇪🇺",eSIM,85950
14,Pro,128GB,G,"Европа 🇪🇺",1 SIM,86400
14,Pro,128GB,G,"Европа 🇪🇺",eSIM,86400
14,Pro,256GB,Bl,"Европа 🇪🇺",1 SIM,90000
14,Pro,256GB,Bl,"Европа 🇪🇺",eSIM,90000
14,Pro,256GB,Wh,"Европа 🇪🇺",1 SIM,90450
14,Pro,256GB,Wh,"Европа 🇪🇺",eSIM,90450
14,Pro,256GB,G,"Европа 🇪🇺",1 SIM,90900
14,Pro,256GB,G,"Европа 🇪🇺",eSIM,90900
14,Pro,128GB,Bl,"ОАЭ 🇦🇪",1 SIM,85500
14,Pro,128GB,Wh,"ОАЭ 🇦🇪",1 SIM,85950
14,Pro,128GB,G,"ОАЭ 🇦🇪",1 SIM,86400
14,Pro,256GB,Bl,"ОАЭ 🇦🇪",1 SIM,90000
14,Pro,256GB,Wh,"ОАЭ 🇦🇪",1 SIM,90450
14,Pro,256GB,G,"ОАЭ 🇦🇪",1 SIM,90900
14,Pro Max,128GB,Bl,"ОАЭ 🇦🇪",1 SIM,94500
14,Pro Max,128GB,Wh,"ОАЭ 🇦🇪",1 SIM,94950
14,Pro Max,128GB,G,"ОАЭ 🇦🇪",1 SIM,95400
14,Pro Max,256GB,Bl,"ОАЭ 🇦🇪",1 SIM,99000
14,Pro Max,256GB,Wh,"ОАЭ 🇦🇪",1 SIM,99450
14,Pro Max,256GB,G,"ОАЭ 🇦🇪",1 SIM,99900
14,Pro Max,128GB,Bl,"Китай 🇨🇳",1 SIM,94500
14,Pro Max,128GB,Bl,"Китай 🇨🇳",2 SIM,94500
14,Pro Max,128GB,Wh,"Китай 🇨🇳",1 SIM,94950
14,Pro Max,128GB,Wh,"Китай 🇨🇳",2 SIM,94950
14,Pro Max,128GB,G,"Китай 🇨🇳",1 SIM,95400
14,Pro Max,128GB,G,"Китай 🇨🇳",2 SIM,95400
14,Pro Max,256GB,Bl,"Китай 🇨🇳",1 SIM,99000
14,Pro Max,256GB,Bl,"Китай 🇨🇳",2 SIM,99000
14,Pro Max,256GB,Wh,"Китай 🇨🇳",1 SIM,99450
14,Pro Max,256GB,Wh,"Китай 🇨🇳",2 SIM,99450
14,Pro Max,256GB,G,"Китай 🇨🇳",1 SIM,99900
14,Pro Max,256GB,G,"Китай 🇨🇳",2 SIM,99900
14,Pro Max,128GB,Bl,"США 🇺🇸",1 SIM,94500
14,Pro Max,128GB,Bl,"США 🇺🇸",eSIM,94500
14,Pro Max,128GB,Wh,"США 🇺🇸",1 SIM,94950
14,Pro Max,128GB,Wh,"США 🇺🇸",eSIM,94950
14,Pro Max,128GB,G,"США 🇺🇸",1 SIM,95400
14,Pro Max,128GB,G,"США 🇺🇸",eSIM,95400
14,Pro Max,256GB,Bl,"США 🇺🇸",1 SIM,99000
14,Pro Max,256GB,Bl,"США 🇺🇸",eSIM,99000
14,Pro Max,256GB,Wh,"США 🇺🇸",1 SIM,99450
14,Pro Max,256GB,Wh,"США 🇺🇸",eSIM,99450
14,Pro Max,256GB,G,"США 🇺🇸",1 SIM,99900
14,Pro Max,256GB,G,"США 🇺🇸",eSIM,99900
14,Pro Max,128GB,Bl,"Европа 🇪🇺",1 SIM,94500
14,Pro Max,128GB,Bl,"Европа 🇪🇺",eSIM,94500
14,Pro Max,128GB,Wh,"Европа 🇪🇺",1 SIM,94950
14,Pro Max,128GB,Wh,"Европа 🇪🇺",eSIM,94950
14,Pro Max,128GB,G,"Европа 🇪🇺",1 SIM,95400
14,Pro Max,128GB,G,"Европа 🇪🇺",eSIM,95400
14,Pro Max,256GB,Bl,"Европа 🇪🇺",1 SIM,99000
14,Pro Max,256GB,Bl,"Европа 🇪🇺",eSIM,99000
14,Pro Max,256GB,Wh,"Европа 🇪🇺",1 SIM,99450
14,Pro Max,256GB,Wh,"Европа 🇪🇺",eSIM,99450
14,Pro Max,256GB,G,"Европа 🇪🇺",1 SIM,99900
14,Pro Max,256GB,G,"Европа 🇪🇺",eSIM,99900
15,Plus,128GB,Bl,"Китай 🇨🇳",1 SIM,58491
15,Plus,128GB,Bl,"Китай 🇨🇳",2 SIM,58491
15,Plus,128GB,P,"Китай 🇨🇳",1 SIM,58941
15,Plus,128GB,P,"Китай 🇨🇳",2 SIM,58941
15,Plus,128GB,Y,"Китай 🇨🇳",1 SIM,58941
15,Plus,128GB,Y,"Китай 🇨🇳",2 SIM,58941
15,Plus,128GB,Gr,"Китай 🇨🇳",1 SIM,58941
15,Plus,128GB,Gr,"Китай 🇨🇳",2 SIM,58941
15,Plus,256GB,Bl,"Китай 🇨🇳",1 SIM,67491
15,Plus,256GB,Bl,"Китай 🇨🇳",2 SIM,67491
15,Plus,256GB,P,"Китай 🇨🇳",1 SIM,67941
15,Plus,256GB,P,"Китай 🇨🇳",2 SIM,67941
15,Plus,256GB,Y,"Китай 🇨🇳",1 SIM,67941
15,Plus,256GB,Y,"Китай 🇨🇳",2 SIM,67941
15,Plus,256GB,Gr,"Китай 🇨🇳",1 SIM,67941
15,Plus,256GB,Gr,"Китай 🇨🇳",2 SIM,67941
15,Plus,512GB,Bl,"Китай 🇨🇳",1 SIM,76491
15,Plus,512GB,Bl,"Китай 🇨🇳",2 SIM,76491
15,Plus,512GB,P,"Китай 🇨🇳",1 SIM,76941
15,Plus,512GB,P,"Китай 🇨🇳",2 SIM,76941
15,Plus,512GB,Y,"Китай 🇨🇳",1 SIM,76941
15,Plus,512GB,Y,"Китай 🇨🇳",2 SIM,76941
15,Plus,512GB,Gr,"Китай 🇨🇳",1 SIM,76941
15,Plus,512GB,Gr,"Китай 🇨🇳",2 SIM,76941
15,Plus,128GB,Bl,"США 🇺🇸",eSIM,58491
15,Plus,128GB,P,"США 🇺🇸",eSIM,58941
15,Plus,128GB,Y,"США 🇺🇸",eSIM,58941
15,Plus,128GB,Gr,"США 🇺🇸",eSIM,58941
15,Plus,256GB,Bl,"США 🇺🇸",eSIM,67491
15,Plus,256GB,P,"США 🇺🇸",eSIM,67941
15,Plus,256GB,Y,"США 🇺🇸",eSIM,67941
15,Plus,256GB,Gr,"США 🇺🇸",eSIM,67941
15,Plus,512GB,Bl,"США 🇺🇸",eSIM,76491
15,Plus,512GB,P,"США 🇺🇸",eSIM,76941
15,Plus,512GB,Y,"США 🇺🇸",eSIM,76941
15,Plus,512GB,Gr,"США 🇺🇸",eSIM,76941
15,Plus,128GB,Bl,"Европа 🇪🇺",1 SIM,58491
15,Plus,128GB,Bl,"Европа 🇪🇺",eSIM,58491
15,Plus,128GB,P,"Европа 🇪🇺",1 SIM,58941
15,Plus,128GB,P,"Европа 🇪🇺",eSIM,58941
15,Plus,128GB,Y,"Европа 🇪🇺",1 SIM,58941
15,Plus,128GB,Y,"Европа 🇪🇺",eSIM,58941
15,Plus,128GB,Gr,"Европа 🇪🇺",1 SIM,58941
15,Plus,128GB,Gr,"Европа 🇪🇺",eSIM,58941
15,Plus,256GB,Bl,"Европа 🇪🇺",1 SIM,67491
15,Plus,256GB,Bl,"Европа 🇪🇺",eSIM,67491
15,Plus,256GB,P,"Европа 🇪🇺",1 SIM,67941
15,Plus,256GB,P,"Европа 🇪🇺",eSIM,67941
15,Plus,256GB,Y,"Европа 🇪🇺",1 SIM,67941
15,Plus,256GB,Y,"Европа 🇪🇺",eSIM,67941
15,Plus,256GB,Gr,"Европа 🇪🇺",1 SIM,67941
15,Plus,256GB,Gr,"Европа 🇪🇺",eSIM,67941
15,Plus,512GB,Bl,"Европа 🇪🇺",1 SIM,76491
15,Plus,512GB,Bl,"Европа 🇪🇺",eSIM,76491
15,Plus,512GB,P,"Европа 🇪🇺",1 SIM,76941
15,Plus,512GB,P,"Европа 🇪🇺",eSIM,76941
15,Plus,512GB,Y,"Европа 🇪🇺",1 SIM,76941
15,Plus,512GB,Y,"Европа 🇪🇺",eSIM,76941
15,Plus,512GB,Gr,"Европа 🇪🇺",1 SIM,76941
15,Plus,512GB,Gr,"Европа 🇪🇺",eSIM,76941
15,Plus,128GB,Bl,"ОАЭ 🇦🇪",1 SIM,58491
15,Plus,128GB,P,"ОАЭ 🇦🇪",1 SIM,58941
15,Plus,128GB,Y,"ОАЭ 🇦🇪",1 SIM,58941
15,Plus,128GB,Gr,"ОАЭ 🇦🇪",1 SIM,58941
15,Plus,256GB,Bl,"ОАЭ 🇦🇪",1 SIM,67491
15,Plus,256GB,P,"ОАЭ 🇦🇪",1 SIM,67941
15,Plus,256GB,Y,"ОАЭ 🇦🇪",1 SIM,67941
15,Plus,256GB,Gr,"ОАЭ 🇦🇪",1 SIM,67941
15,Plus,512GB,Bl,"ОАЭ 🇦🇪",1 SIM,76491
15,Plus,512GB,P,"ОАЭ 🇦🇪",1 SIM,76941
15,Plus,512GB,Y,"ОАЭ 🇦🇪",1 SIM,76941
15,Plus,512GB,Gr,"ОАЭ 🇦🇪",1 SIM,76941
15,Pro,128GB,Bl,"Китай 🇨🇳",1 SIM,71991
15,Pro,128GB,Bl,"Китай 🇨🇳",2 SIM,71991
15,Pro,128GB,Wh,"Китай 🇨🇳",1 SIM,72441
15,Pro,128GB,Wh,"Китай 🇨🇳",2 SIM,72441
15,Pro,128GB,G,"Китай 🇨🇳",1 SIM,72891
15,Pro,128GB,G,"Китай 🇨🇳",2 SIM,72891
15,Pro,256GB,Bl,"Китай 🇨🇳",1 SIM,80991
15,Pro,256GB,Bl,"Китай 🇨🇳",2 SIM,80991
15,Pro,256GB,Wh,"Китай 🇨🇳",1 SIM,81441
15,Pro,256GB,Wh,"Китай 🇨🇳",2 SIM,81441
15,Pro,256GB,G,"Китай 🇨🇳",1 SIM,81891
15,Pro,256GB,G,"Китай 🇨🇳",2 SIM,81891
15,Pro,512GB,Bl,"Китай 🇨🇳",1 SIM,89991
15,Pro,512GB,Bl,"Китай 🇨🇳",2 SIM,89991
15,Pro,512GB,Wh,"Китай 🇨🇳",1 SIM,90441
15,Pro,512GB,Wh,"Китай 🇨🇳",2 SIM,90441
15,Pro,512GB,G,"Китай 🇨🇳",1 SIM,90891
15,Pro,512GB,G,"Китай 🇨🇳",2 SIM,90891
15,Pro,128GB,Bl,"США 🇺🇸",eSIM,71991
15,Pro,128GB,Wh,"США 🇺🇸",eSIM,72441
15,Pro,128GB,G,"США 🇺🇸",eSIM,72891
15,Pro,256GB,Bl,"США 🇺🇸",eSIM,80991
15,Pro,256GB,Wh,"США 🇺🇸",eSIM,81441
15,Pro,256GB,G,"США 🇺🇸",eSIM,81891
15,Pro,512GB,Bl,"США 🇺🇸",eSIM,89991
15,Pro,512GB,Wh,"США 🇺🇸",eSIM,90441
15,Pro,512GB,G,"США 🇺🇸",eSIM,90891
15,Pro,128GB,Bl,"Европа 🇪🇺",1 SIM,71991
15,Pro,128GB,Bl,"Европа 🇪🇺",eSIM,71991
15,Pro,128GB,Wh,"Европа 🇪🇺",1 SIM,72441
15,Pro,128GB,Wh,"Европа 🇪🇺",eSIM,72441
15,Pro,128GB,G,"Европа 🇪🇺",1 SIM,72891
15,Pro,128GB,G,"Европа 🇪🇺",eSIM,72891
15,Pro,256GB,Bl,"Европа 🇪🇺",1 SIM,80991
15,Pro,256GB,Bl,"Европа 🇪🇺",eSIM,80991
15,Pro,256GB,Wh,"Европа 🇪🇺",1 SIM,81441
15,Pro,256GB,Wh,"Европа 🇪🇺",eSIM,81441
15,Pro,256GB,G,"Европа 🇪🇺",1 SIM,81891
15,Pro,256GB,G,"Европа 🇪🇺",eSIM,81891
15,Pro,512GB,Bl,"Европа 🇪🇺",1 SIM,89991
15,Pro,512GB,Bl,"Европа 🇪🇺",eSIM,89991
15,Pro,512GB,Wh,"Европа 🇪🇺",1 SIM,90441
15,Pro,512GB,Wh,"Европа 🇪🇺",eSIM,90441
15,Pro,512GB,G,"Европа 🇪🇺",1 SIM,90891
15,Pro,512GB,G,"Европа 🇪🇺",eSIM,90891
15,Pro,128GB,Bl,"ОАЭ 🇦🇪",1 SIM,71991
15,Pro,128GB,Wh,"ОАЭ 🇦🇪",1 SIM,72441
15,Pro,128GB,G,"ОАЭ 🇦🇪",1 SIM,72891
15,Pro,256GB,Bl,"ОАЭ 🇦🇪",1 SIM,80991
15,Pro,256GB,Wh,"ОАЭ 🇦🇪",1 SIM,81441
15,Pro,256GB,G,"ОАЭ 🇦🇪",1 SIM,81891
15,Pro,512GB,Bl,"ОАЭ 🇦🇪",1 SIM,89991
15,Pro,512GB,Wh,"ОАЭ 🇦🇪",1 SIM,90441
15,Pro,512GB,G,"ОАЭ 🇦🇪",1 SIM,90891
15,Pro Max,256GB,Bl,"Китай 🇨🇳",1 SIM,94491
15,Pro Max,256GB,Bl,"Китай 🇨🇳",2 SIM,94491
15,Pro Max,256GB,Wh,"Китай 🇨🇳",1 SIM,94941
15,Pro Max,256GB,Wh,"Китай 🇨🇳",2 SIM,94941
15,Pro Max,256GB,G,"Китай 🇨🇳",1 SIM,95391
15,Pro Max,256GB,G,"Китай 🇨🇳",2 SIM,95391
15,Pro Max,512GB,Bl,"Китай 🇨🇳",1 SIM,103491
15,Pro Max,512GB,Bl,"Китай 🇨🇳",2 SIM,103491
15,Pro Max,512GB,Wh,"Китай 🇨🇳",1 SIM,103941
15,Pro Max,512GB,Wh,"Китай 🇨🇳",2 SIM,103941
15,Pro Max,512GB,G,"Китай 🇨🇳",1 SIM,104391
15,Pro Max,512GB,G,"Китай 🇨🇳",2 SIM,104391
15,Pro Max,256GB,Bl,"США 🇺🇸",eSIM,94491
15,Pro Max,256GB,Wh,"США 🇺🇸",eSIM,94941
15,Pro Max,256GB,G,"США 🇺🇸",eSIM,95391
15,Pro Max,512GB,Bl,"США 🇺🇸",eSIM,103491
15,Pro Max,512GB,Wh,"США 🇺🇸",eSIM,103941
15,Pro Max,512GB,G,"США 🇺🇸",eSIM,104391
15,Pro Max,256GB,Bl,"Европа 🇪🇺",1 SIM,94491
15,Pro Max,256GB,Bl,"Европа 🇪🇺",eSIM,94491
15,Pro Max,256GB,Wh,"Европа 🇪🇺",1 SIM,94941
15,Pro Max,256GB,Wh,"Европа 🇪🇺",eSIM,94941
15,Pro Max,256GB,G,"Европа 🇪🇺",1 SIM,95391
15,Pro Max,256GB,G,"Европа 🇪🇺",eSIM,95391
15,Pro Max,512GB,Bl,"Европа 🇪🇺",1 SIM,103491
15,Pro Max,512GB,Bl,"Европа 🇪🇺",eSIM,103491
15,Pro Max,512GB,Wh,"Европа 🇪🇺",1 SIM,103941
15,Pro Max,512GB,Wh,"Европа 🇪🇺",eSIM,103941
15,Pro Max,512GB,G,"Европа 🇪🇺",1 SIM,104391
15,Pro Max,512GB,G,"Европа 🇪🇺",eSIM,104391
15,Pro Max,256GB,Bl,"ОАЭ 🇦🇪",1 SIM,94491
15,Pro Max,256GB,Wh,"ОАЭ 🇦🇪",1 SIM,94941
15,Pro Max,256GB,G,"ОАЭ 🇦🇪",1 SIM,95391
15,Pro Max,512GB,Bl,"ОАЭ 🇦🇪",1 SIM,103491
15,Pro Max,512GB,Wh,"ОАЭ 🇦🇪",1 SIM,103941
15,Pro Max,512GB,G,"ОАЭ 🇦🇪",1 SIM,104391
16,Plus,128GB,Bl,"Китай 🇨🇳",1 SIM,80910
16,Plus,128GB,Bl,"Китай 🇨🇳",2 SIM,80910
16,Plus,128GB,P,"Китай 🇨🇳",1 SIM,81360
16,Plus,128GB,P,"Китай 🇨🇳",2 SIM,81360
16,Plus,128GB,Gr,"Китай 🇨🇳",1 SIM,81360
16,Plus,128GB,Gr,"Китай 🇨🇳",2 SIM,81360
16,Plus,128GB,Wh,"Китай 🇨🇳",1 SIM,81360
16,Plus,128GB,Wh,"Китай 🇨🇳",2 SIM,81360
16,Plus,128GB,Ultramarine,"Китай 🇨🇳",1 SIM,81360
16,Plus,128GB,Ultramarine,"Китай 🇨🇳",2 SIM,81360
16,Plus,256GB,Bl,"Китай 🇨🇳",1 SIM,89910
16,Plus,256GB,Bl,"Китай 🇨🇳",2 SIM,89910
16,Plus,256GB,P,"Китай 🇨🇳",1 SIM,90360
16,Plus,256GB,P,"Китай 🇨🇳",2 SIM,90360
16,Plus,256GB,Gr,"Китай 🇨🇳",1 SIM,90360
16,Plus,256GB,Gr,"Китай 🇨🇳",2 SIM,90360
16,Plus,256GB,Wh,"Китай 🇨🇳",1 SIM,90360
16,Plus,256GB,Wh,"Китай 🇨🇳",2 SIM,90360
16,Plus,256GB,Ultramarine,"Китай 🇨🇳",1 SIM,90360
16,Plus,256GB,Ultramarine,"Китай 🇨🇳",2 SIM,90360
16,Plus,512GB,Bl,"Китай 🇨🇳",1 SIM,100710
16,Plus,512GB,Bl,"Китай 🇨🇳",2 SIM,100710
16,Plus,512GB,P,"Китай 🇨🇳",1 SIM,101160
16,Plus,512GB,P,"Китай 🇨🇳",2 SIM,101160
16,Plus,512GB,Gr,"Китай 🇨🇳",1 SIM,101160
16,Plus,512GB,Gr,"Китай 🇨🇳",2 SIM,101160
16,Plus,512GB,Wh,"Китай 🇨🇳",1 SIM,101160
16,Plus,512GB,Wh,"Китай 🇨🇳",2 SIM,101160
16,Plus,512GB,Ultramarine,"Китай 🇨🇳",1 SIM,101160
16,Plus,512GB,Ultramarine,"Китай 🇨🇳",2 SIM,101160
16,Plus,128GB,Bl,"США 🇺🇸",eSIM,80910
16,Plus,128GB,P,"США 🇺🇸",eSIM,81360
16,Plus,128GB,Gr,"США 🇺🇸",eSIM,81360
16,Plus,128GB,Wh,"США 🇺🇸",eSIM,81360
16,Plus,128GB,Ultramarine,"США 🇺🇸",eSIM,81360
16,Plus,256GB,Bl,"США 🇺🇸",eSIM,89910
16,Plus,256GB,P,"США 🇺🇸",eSIM,90360
16,Plus,256GB,Gr,"США 🇺🇸",eSIM,90360
16,Plus,256GB,Wh,"США 🇺🇸",eSIM,90360
16,Plus,256GB,Ultramarine,"США 🇺🇸",eSIM,90360
16,Plus,512GB,Bl,"США 🇺🇸",eSIM,100710
16,Plus,512GB,P,"США 🇺🇸",eSIM,101160
16,Plus,512GB,Gr,"США 🇺🇸",eSIM,101160
16,Plus,512GB,Wh,"США 🇺🇸",eSIM,101160
16,Plus,512GB,Ultramarine,"США 🇺🇸",eSIM,101160
16,Plus,128GB,Bl,"Европа 🇪🇺",1 SIM,80910
16,Plus,128GB,Bl,"Европа 🇪🇺",eSIM,80910
16,Plus,128GB,P,"Европа 🇪🇺",1 SIM,81360
16,Plus,128GB,P,"Европа 🇪🇺",eSIM,81360
16,Plus,128GB,Gr,"Европа 🇪🇺",1 SIM,81360
16,Plus,128GB,Gr,"Европа 🇪🇺",eSIM,81360
16,Plus,128GB,Wh,"Европа 🇪🇺",1 SIM,81360
16,Plus,128GB,Wh,"Европа 🇪🇺",eSIM,81360
16,Plus,128GB,Ultramarine,"Европа 🇪🇺",1 SIM,81360
16,Plus,128GB,Ultramarine,"Европа 🇪🇺",eSIM,81360
16,Plus,256GB,Bl,"Европа 🇪🇺",1 SIM,89910
16,Plus,256GB,Bl,"Европа 🇪🇺",eSIM,89910
16,Plus,256GB,P,"Европа 🇪🇺",1 SIM,90360
16,Plus,256GB,P,"Европа 🇪🇺",eSIM,90360
16,Plus,256GB,Gr,"Европа 🇪🇺",1 SIM,90360
16,Plus,256GB,Gr,"Европа 🇪🇺",eSIM,90360
16,Plus,256GB,Wh,"Европа 🇪🇺",1 SIM,90360
16,Plus,256GB,Wh,"Европа 🇪🇺",eSIM,90360
16,Plus,256GB,Ultramarine,"Европа 🇪🇺",1 SIM,90360
16,Plus,256GB,Ultramarine,"Европа 🇪🇺",eSIM,90360
16,Plus,512GB,Bl,"Европа 🇪🇺",1 SIM,100710
16,Plus,512GB,Bl,"Европа 🇪🇺",eSIM,100710
16,Plus,512GB,P,"Европа 🇪🇺",1 SIM,101160
16,Plus,512GB,P,"Европа 🇪🇺",eSIM,101160
16,Plus,512GB,Gr,"Европа 🇪🇺",1 SIM,101160
16,Plus,512GB,Gr,"Европа 🇪🇺",eSIM,101160
16,Plus,512GB,Wh,"Европа 🇪🇺",1 SIM,101160
16,Plus,512GB,Wh,"Европа 🇪🇺",eSIM,101160
16,Plus,512GB,Ultramarine,"Европа 🇪🇺",1 SIM,101160
16,Plus,512GB,Ultramarine,"Европа 🇪🇺",eSIM,101160
16,Plus,128GB,Bl,"ОАЭ 🇦🇪",1 SIM,80910
16,Plus,128GB,P,"ОАЭ 🇦🇪",1 SIM,81360
16,Plus,128GB,Gr,"ОАЭ 🇦🇪",1 SIM,81360
16,Plus,128GB,Wh,"ОАЭ 🇦🇪",1 SIM,81360
16,Plus,128GB,Ultramarine,"ОАЭ 🇦🇪",1 SIM,81360
16,Plus,256GB,Bl,"ОАЭ 🇦🇪",1 SIM,89910
16,Plus,256GB,P,"ОАЭ 🇦🇪",1 SIM,90360
16,Plus,256GB,Gr,"ОАЭ 🇦🇪",1 SIM,90360
16,Plus,256GB,Wh,"ОАЭ 🇦🇪",1 SIM,90360
16,Plus,256GB,Ultramarine,"ОАЭ 🇦🇪",1 SIM,90360
16,Plus,512GB,Bl,"ОАЭ 🇦🇪",1 SIM,100710
16,Plus,512GB,P,"ОАЭ 🇦🇪",1 SIM,101160
16,Plus,512GB,Gr,"ОАЭ 🇦🇪",1 SIM,101160
16,Plus,512GB,Wh,"ОАЭ 🇦🇪",1 SIM,101160
16,Plus,512GB,Ultramarine,"ОАЭ 🇦🇪",1 SIM,101160
16,Pro,128GB,Bl,"Китай 🇨🇳",1 SIM,107910
16,Pro,128GB,Bl,"Китай 🇨🇳",2 SIM,107910
16,Pro,128GB,Wh,"Китай 🇨🇳",1 SIM,108360
16,Pro,128GB,Wh,"Китай 🇨🇳",2 SIM,108360
16,Pro,128GB,DT,"Китай 🇨🇳",1 SIM,108810
16,Pro,128GB,DT,"Китай 🇨🇳",2 SIM,108810
16,Pro,128GB,NT,"Китай 🇨🇳",1 SIM,108810
16,Pro,128GB,NT,"Китай 🇨🇳",2 SIM,108810
16,Pro,256GB,Bl,"Китай 🇨🇳",1 SIM,116910
16,Pro,256GB,Bl,"Китай 🇨🇳",2 SIM,116910
16,Pro,256GB,Wh,"Китай 🇨🇳",1 SIM,117360
16,Pro,256GB,Wh,"Китай 🇨🇳",2 SIM,117360
16,Pro,256GB,DT,"Китай 🇨🇳",1 SIM,117810
16,Pro,256GB,DT,"Китай 🇨🇳",2 SIM,117810
16,Pro,256GB,NT,"Китай 🇨🇳",1 SIM,117810
16,Pro,256GB,NT,"Китай 🇨🇳",2 SIM,117810
16,Pro,512GB,Bl,"Китай 🇨🇳",1 SIM,125910
16,Pro,512GB,Bl,"Китай 🇨🇳",2 SIM,125910
16,Pro,512GB,Wh,"Китай 🇨🇳",1 SIM,126360
16,Pro,512GB,Wh,"Китай 🇨🇳",2 SIM,126360
16,Pro,512GB,DT,"Китай 🇨🇳",1 SIM,126810
16,Pro,512GB,DT,"Китай 🇨🇳",2 SIM,126810
16,Pro,512GB,NT,"Китай 🇨🇳",1 SIM,126810
16,Pro,512GB,NT,"Китай 🇨🇳",2 SIM,126810
16,Pro,1TB,Bl,"Китай 🇨🇳",1 SIM,134910
16,Pro,1TB,Bl,"Китай 🇨🇳",2 SIM,134910
16,Pro,1TB,Wh,"Китай 🇨🇳",1 SIM,135360
16,Pro,1TB,Wh,"Китай 🇨🇳",2 SIM,135360
16,Pro,1TB,DT,"Китай 🇨🇳",1 SIM,135810
16,Pro,1TB,DT,"Китай 🇨🇳",2 SIM,135810
16,Pro,1TB,NT,"Китай 🇨🇳",1 SIM,135810
16,Pro,1TB,NT,"Китай 🇨🇳",2 SIM,135810
16,Pro,128GB,Bl,"США 🇺🇸",eSIM,107910
16,Pro,128GB,Wh,"США 🇺🇸",eSIM,108360
16,Pro,128GB,DT,"США 🇺🇸",eSIM,108810
16,Pro,128GB,NT,"США 🇺🇸",eSIM,108810
16,Pro,256GB,Bl,"США 🇺🇸",eSIM,116910
16,Pro,256GB,Wh,"США 🇺🇸",eSIM,117360
16,Pro,256GB,DT,"США 🇺🇸",eSIM,117810
16,Pro,256GB,NT,"США 🇺🇸",eSIM,117810
16,Pro,512GB,Bl,"США 🇺🇸",eSIM,125910
16,Pro,512GB,Wh,"США 🇺🇸",eSIM,126360
16,Pro,512GB,DT,"США 🇺🇸",eSIM,126810
16,Pro,512GB,NT,"США 🇺🇸",eSIM,126810
16,Pro,1TB,Bl,"США 🇺🇸",eSIM,134910
16,Pro,1TB,Wh,"США 🇺🇸",eSIM,135360
16,Pro,1TB,DT,"США 🇺🇸",eSIM,135810
16,Pro,1TB,NT,"США 🇺🇸",eSIM,135810
16,Pro,128GB,Bl,"Европа 🇪🇺",1 SIM,107910
16,Pro,128GB,Bl,"Европа 🇪🇺",eSIM,107910
16,Pro,128GB,Wh,"Европа 🇪🇺",1 SIM,108360
16,Pro,128GB,Wh,"Европа 🇪🇺",eSIM,108360
16,Pro,128GB,DT,"Европа 🇪🇺",1 SIM,108810
16,Pro,128GB,DT,"Европа 🇪🇺",eSIM,108810
16,Pro,128GB,NT,"Европа 🇪🇺",1 SIM,108810
16,Pro,128GB,NT,"Европа 🇪🇺",eSIM,108810
16,Pro,256GB,Bl,"Европа 🇪🇺",1 SIM,116910
16,Pro,256GB,Bl,"Европа 🇪🇺",eSIM,116910
16,Pro,256GB,Wh,"Европа 🇪🇺",1 SIM,117360
16,Pro,256GB,Wh,"Европа 🇪🇺",eSIM,117360
16,Pro,256GB,DT,"Европа 🇪🇺",1 SIM,117810
16,Pro,256GB,DT,"Европа 🇪🇺",eSIM,117810
16,Pro,256GB,NT,"Европа 🇪🇺",1 SIM,117810
16,Pro,256GB,NT,"Европа 🇪🇺",eSIM,117810
16,Pro,512GB,Bl,"Европа 🇪🇺",1 SIM,125910
16,Pro,512GB,Bl,"Европа 🇪🇺",eSIM,125910
16,Pro,512GB,Wh,"Европа 🇪🇺",1 SIM,126360
16,Pro,512GB,Wh,"Европа 🇪🇺",eSIM,126360
16,Pro,512GB,DT,"Европа 🇪🇺",1 SIM,126810
16,Pro,512GB,DT,"Европа 🇪🇺",eSIM,126810
16,Pro,512GB,NT,"Европа 🇪🇺",1 SIM,126810
16,Pro,512GB,NT,"Европа 🇪🇺",eSIM,126810
16,Pro,1TB,Bl,"Европа 🇪🇺",1 SIM,134910
16,Pro,1TB,Bl,"Европа 🇪🇺",eSIM,134910
16,Pro,1TB,Wh,"Европа 🇪🇺",1 SIM,135360
16,Pro,1TB,Wh,"Европа 🇪🇺",eSIM,135360
16,Pro,1TB,DT,"Европа 🇪🇺",1 SIM,135810
16,Pro,1TB,DT,"Европа 🇪🇺",eSIM,135810
16,Pro,1TB,NT,"Европа 🇪🇺",1 SIM,135810
16,Pro,1TB,NT,"Европа 🇪🇺",eSIM,135810
16,Pro,128GB,Bl,"ОАЭ 🇦🇪",1 SIM,107910
16,Pro,128GB,Wh,"ОАЭ 🇦🇪",1 SIM,108360
16,Pro,128GB,DT,"ОАЭ 🇦🇪",1 SIM,108810
16,Pro,128GB,NT,"ОАЭ 🇦🇪",1 SIM,108810
16,Pro,256GB,Bl,"ОАЭ 🇦🇪",1 SIM,116910
16,Pro,256GB,Wh,"ОАЭ 🇦🇪",1 SIM,117360
16,Pro,256GB,DT,"ОАЭ 🇦🇪",1 SIM,117810
16,Pro,256GB,NT,"ОАЭ 🇦🇪",1 SIM,117810
16,Pro,512GB,Bl,"ОАЭ 🇦🇪",1 SIM,125910
16,Pro,512GB,Wh,"ОАЭ 🇦🇪",1 SIM,126360
16,Pro,512GB,DT,"ОАЭ 🇦🇪",1 SIM,126810
16,Pro,512GB,NT,"ОАЭ 🇦🇪",1 SIM,126810
16,Pro,1TB,Bl,"ОАЭ 🇦🇪",1 SIM,134910
16,Pro,1TB,Wh,"ОАЭ 🇦🇪",1 SIM,135360
16,Pro,1TB,DT,"ОАЭ 🇦🇪",1 SIM,135810
16,Pro,1TB,NT,"ОАЭ 🇦🇪",1 SIM,135810
16,Pro Max,256GB,Bl,"Китай 🇨🇳",1 SIM,125910
16,Pro Max,256GB,Bl,"Китай 🇨🇳",2 SIM,125910
16,Pro Max,256GB,Wh,"Китай 🇨🇳",1 SIM,126360
16,Pro Max,256GB,Wh,"Китай 🇨🇳",2 SIM,126360
16,Pro Max,256GB,DT,"Китай 🇨🇳",1 SIM,126810
16,Pro Max,256GB,DT,"Китай 🇨🇳",2 SIM,126810
16,Pro Max,256GB,NT,"Китай 🇨🇳",1 SIM,126810
16,Pro Max,256GB,NT,"Китай 🇨🇳",2 SIM,126810
16,Pro Max,512GB,Bl,"Китай 🇨🇳",1 SIM,134910
16,Pro Max,512GB,Bl,"Китай 🇨🇳",2 SIM,134910
16,Pro Max,512GB,Wh,"Китай 🇨🇳",1 SIM,135360
16,Pro Max,512GB,Wh,"Китай 🇨🇳",2 SIM,135360
16,Pro Max,512GB,DT,"Китай 🇨🇳",1 SIM,135810
16,Pro Max,512GB,DT,"Китай 🇨🇳",2 SIM,135810
16,Pro Max,512GB,NT,"Китай 🇨🇳",1 SIM,135810
16,Pro Max,512GB,NT,"Китай 🇨🇳",2 SIM,135810
16,Pro Max,1TB,Bl,"Китай 🇨🇳",1 SIM,143910
16,Pro Max,1TB,Bl,"Китай 🇨🇳",2 SIM,143910
16,Pro Max,1TB,Wh,"Китай 🇨🇳",1 SIM,144360
16,Pro Max,1TB,Wh,"Китай 🇨🇳",2 SIM,144360
16,Pro Max,1TB,DT,"Китай 🇨🇳",1 SIM,144810
16,Pro Max,1TB,DT,"Китай 🇨🇳",2 SIM,144810
16,Pro Max,1TB,NT,"Китай 🇨🇳",1 SIM,144810
16,Pro Max,1TB,NT,"Китай 🇨🇳",2 SIM,144810
16,Pro Max,256GB,Bl,"США 🇺🇸",eSIM,125910
16,Pro Max,256GB,Wh,"США 🇺🇸",eSIM,126360
16,Pro Max,256GB,DT,"США 🇺🇸",eSIM,126810
16,Pro Max,256GB,NT,"США 🇺🇸",eSIM,126810
16,Pro Max,512GB,Bl,"США 🇺🇸",eSIM,134910
16,Pro Max,512GB,Wh,"США 🇺🇸",eSIM,135360
16,Pro Max,512GB,DT,"США 🇺🇸",eSIM,135810
16,Pro Max,512GB,NT,"США 🇺🇸",eSIM,135810
16,Pro Max,1TB,Bl,"США 🇺🇸",eSIM,143910
16,Pro Max,1TB,Wh,"США 🇺🇸",eSIM,144360
16,Pro Max,1TB,DT,"США 🇺🇸",eSIM,144810
16,Pro Max,1TB,NT,"США 🇺🇸",eSIM,144810
16,Pro Max,256GB,Bl,"Европа 🇪🇺",1 SIM,125910
16,Pro Max,256GB,Bl,"Европа 🇪🇺",eSIM,125910
16,Pro Max,256GB,Wh,"Европа 🇪🇺",1 SIM,126360
16,Pro Max,256GB,Wh,"Европа 🇪🇺",eSIM,126360
16,Pro Max,256GB,DT,"Европа 🇪🇺",1 SIM,126810
16,Pro Max,256GB,DT,"Европа 🇪🇺",eSIM,126810
16,Pro Max,256GB,NT,"Европа 🇪🇺",1 SIM,126810
16,Pro Max,256GB,NT,"Европа 🇪🇺",eSIM,126810
16,Pro Max,512GB,Bl,"Европа 🇪🇺",1 SIM,134910
16,Pro Max,512GB,Bl,"Европа 🇪🇺",eSIM,134910
16,Pro Max,512GB,Wh,"Европа 🇪🇺",1 SIM,135360
16,Pro Max,512GB,Wh,"Европа 🇪🇺",eSIM,135360
16,Pro Max,512GB,DT,"Европа 🇪🇺",1 SIM,135810
16,Pro Max,512GB,DT,"Европа 🇪🇺",eSIM,135810
16,Pro Max,512GB,NT,"Европа 🇪🇺",1 SIM,135810
16,Pro Max,512GB,NT,"Европа 🇪🇺",eSIM,135810
16,Pro Max,1TB,Bl,"Европа 🇪🇺",1 SIM,143910
16,Pro Max,1TB,Bl,"Европа 🇪🇺",eSIM,143910
16,Pro Max,1TB,Wh,"Европа 🇪🇺",1 SIM,144360
16,Pro Max,1TB,Wh,"Европа 🇪🇺",eSIM,144360
16,Pro Max,1TB,DT,"Европа 🇪🇺",1 SIM,144810
16,Pro Max,1TB,DT,"Европа 🇪🇺",eSIM,144810
16,Pro Max,1TB,NT,"Европа 🇪🇺",1 SIM,144810
16,Pro Max,1TB,NT,"Европа 🇪🇺",eSIM,144810
16,Pro Max,256GB,Bl,"ОАЭ 🇦🇪",1 SIM,125910
16,Pro Max,256GB,Wh,"ОАЭ 🇦🇪",1 SIM,126360
16,Pro Max,256GB,DT,"ОАЭ 🇦🇪",1 SIM,126810
16,Pro Max,256GB,NT,"ОАЭ 🇦🇪",1 SIM,126810
16,Pro Max,512GB,Bl,"ОАЭ 🇦🇪",1 SIM,134910
16,Pro Max,512GB,Wh,"ОАЭ 🇦🇪",1 SIM,135360
16,Pro Max,512GB,DT,"ОАЭ 🇦🇪",1 SIM,135810
16,Pro Max,512GB,NT,"ОАЭ 🇦🇪",1 SIM,135810
16,Pro Max,1TB,Bl,"ОАЭ 🇦🇪",1 SIM,143910
16,Pro Max,1TB,Wh,"ОАЭ 🇦🇪",1 SIM,144360
16,Pro Max,1TB,DT,"ОАЭ 🇦🇪",1 SIM,144810
16,Pro Max,1TB,NT,"ОАЭ 🇦🇪",1 SIM,144810